{"cameraMode":{"drawMode":0,"name":"Shaded","section":"Shading Mode"},"sceneLighting":false,"audioPlay":false,"sceneViewState":{"showFog":false,"showMaterialUpdate":false,"showSkybox":false,"showFlares":false,"showImageEffects":false,"showParticleSystems":false},"in2DMode":false,"pivot":{"x":0.0,"y":11.449178695678711,"z":-7.397469997406006},"rotation":{"x":0.037715815007686618,"y":0.9621717929840088,"z":-0.18255014717578889,"w":0.19874276220798493},"size":0.5196154713630676,"orthographic":false}