{"cameraMode":{"drawMode":0,"name":"Shaded","section":"Shading Mode"},"sceneLighting":false,"audioPlay":false,"sceneViewState":{"showFog":false,"showMaterialUpdate":false,"showSkybox":false,"showFlares":false,"showImageEffects":false,"showParticleSystems":false},"in2DMode":false,"pivot":{"x":-9.799999237060547,"y":14.290000915527344,"z":-33.220001220703128},"rotation":{"x":0.18171240389347077,"y":0.7142588496208191,"z":-0.20114149153232575,"w":0.6452655792236328},"size":60.62177658081055,"orthographic":false}