{"cameraMode":{"drawMode":0,"name":"Shaded","section":"Shading Mode"},"sceneLighting":true,"audioPlay":false,"sceneViewState":{"showFog":false,"showMaterialUpdate":false,"showSkybox":false,"showFlares":false,"showImageEffects":false,"showParticleSystems":false},"in2DMode":false,"pivot":{"x":-32.75493621826172,"y":10.547916412353516,"z":-8.981277465820313},"rotation":{"x":-0.306845098733902,"y":-0.6391054391860962,"z":0.30943313241004946,"w":-0.633766233921051},"size":36.564292907714847,"orthographic":false}