{"cameraMode":{"drawMode":0,"name":"Shaded","section":"Shading Mode"},"sceneLighting":true,"audioPlay":false,"sceneViewState":{"showFog":false,"showMaterialUpdate":false,"showSkybox":false,"showFlares":false,"showImageEffects":false,"showParticleSystems":false},"in2DMode":false,"pivot":{"x":-6.050956726074219,"y":9.49338150024414,"z":-40.57234191894531},"rotation":{"x":0.12454306334257126,"y":0.7310066223144531,"z":-0.13869181275367738,"w":0.6564244031906128},"size":21.780162811279298,"orthographic":false}